生活,2,0
,,
人生,2,0
,,
樱花,2,0
,,
四川,2,0
,,
照片,2,0
,,
志愿者,2,1
,,
道歉,2,1
,,
食用,2,0
,,
资金,2,0
,,
气温,2,0
,,
学校,2,0
,,
面前,2,0
,,
治愈率,2,1
,,
需求,2,1
,,
问题,2,-1
,,
奥运会,2,-1
,,
重点,2,0
,,
困难,2,-1
,,
回国,2,0
,,
去世,2,-1
,,
举行,2,0
,,
文字,2,0
,,
发射,2,0
,,
医保,2,1
,,
乘坐,2,0
,,
进入,2,0
,,
监狱管理局,2,1
,,
同志,2,1
,,
现有,2,0
,,
生物安全,2,1
,,
不能,2,-1
,,
哽咽,2,-1
,,
护士长,2,1
,,
检疫,2,1
,,
开展,2,0
,,
战士,2,1
,,
军队,2,1
,,
复产,2,1
,,
网络,2,0
,,
法国,2,0
,,
凌晨,2,0
,,
高三,2,0
,,
表示,2,0
,,
研究,2,0
,,
浙江,2,0
,,
农民工,2,1
,,
务工,2,1
,,
提供,2,0
,,
看守所,2,1
,,
监狱,2,1
,,
宁夏,2,0
,,
中方,2,0
,,
聚集性,2,-1
,,
发病,2,-1
,,
副局长,2,0
,,
俄罗斯,2,0
,,
卫生部,2,1
,,
日记,2,0
,,
前线,2,-1
,,
专家组,2,0
,,
报告,2,0
,,
坚守,2,1
,,
中央政法委,2,1
,,
城市,2,0
,,
国务院,2,1
,,
女儿,2,0
,,
工作者,2,1
,,
湖北省,2,-1
,,
下降,2,1
,,
逆行,2,1
,,
ICU,2,-1
,,
平安,2,1
,,
感染,2,1
,,
华尔街日报,2,0
,,
提醒,2,1
,,
爸爸,2,0
,,
交警,2,0
,,
发展,2,0
,,
院长,2,1
,,
专列,2,0
,,
出现,2,0
,,
单位,2,0
,,
居民,2,0
,,
援,2,1
,,
院士,2,1
,,
酒店,2,0
,,
期待,2,1
,,
公积金,2,0
,,
同事,2,0
,,
投递,2,0
,,
中医,2,1
,,
配合,2,1
,,
返岗,2,1
,,
婚礼,2,0
,,
推迟,2,-1
,,
研发,2,0
,,
脸上,2,0
,,
谢谢,2,1
,,
粪便,2,0
,,
放心,2,1
,,
定点医院,2,1
,,
有效,2,1
,,
使用,2,0
,,
保障,2,1
,,
非典,2,-1
,,
方言,2,0
,,
生命,2,1
,,
白衣天使,2,1
,,
刘智明,2,0
,,
磷酸氯喹,2,0
,,
试验,2,0
,,
正在,2,0
,,
中小企业,2,0
,,
实施,2,0
,,
知道,2,0
,,
十堰市,2,0
,,
重症,2,-1
,,
宝宝,2,0
,,
返程,2,0
,,
公共场所,2,0
,,
打牌,2,0
,,
献血,2,1
,,
员工,2,0
,,
特殊,2,0
,,
网上,2,0
,,
回家,2,1
,,
体温,2,1
,,
培训,2,1
,,
果子狸,2,0
,,
风雪,2,0
,,
免费,2,0
,,
旅客,2,0
,,
预计,2,-1
,,
观察,2,0
,,
学习,2,1
,,
天气,2,0
,,
旅游,2,0
,,
资源,2,1
,,
大米,2,0
,,
教师,2,1
,,
制售,2,0
,,
酒精,2,0
,,
集中,2,-1
,,
症状,2,-1
,,
书记,2,0
,,
对口,2,0
,,
指导组,2,1
,,
心理,2,0
,,
健康,3,1
,,
人民,3,0
,,
发生,3,0
,,
康复,3,1
,,
英国,3,0
,,
级别,3,0
,,
德国,3,0
,,
防护服,3,1
,,
连续,3,0
,,
孩子,3,0
,,
感谢,3,1
,,
咳嗽,3,-1
,,
情况,3,0
,,
运输,3,0
,,
妈妈,3,0
,,
报道,3,0
,,
入境,3,-1
,,
公布,3,0
,,
上班,3,1
,,
建议,3,0
,,
记者,3,0
,,
开放,3,0
,,
恢复,3,1
,,
李兰娟,3,0
,,
休息,3,1
,,
高校,3,0
,,
会议,3,0
,,
发布,3,0
,,
广东省,3,0
,,
老伴,3,0
,,
老人,3,0
,,
1月,3,0
,,
投放,3,0
,,
安全,3,1
,,
地震,3,-1
,,
男子,3,0
,,
捐献,3,1
,,
包机,3,0
,,
阴性,3,1
,,
销售,3,0
,,
生产,3,1
,,
隐瞒,3,-1
,,
出征,3,1
,,
航班,4,0
,,
英雄,4,1
,,
钟南山,4,1
,,
输入,4,-1
,,
密切接触,4,-1
,,
捐赠,4,1
,,
核酸,4,-1
,,
抗,4,1
,,
临床,4,0
,,
北京,4,0
,,
就业,4,0
,,
风险,4,-1
,,
毕业生,4,0
,,
中央,4,1
,,
疫苗,4,1
,,
做好,4,0
,,
支援,4,1
,,
以外,5,0
,,
救治,5,1
,,
医护,5,1
,,
牺牲,5,-1
,,
收治,5,1
,,
视频,5,0
,,
发热,5,-1
,,
复工,5,1
,,
管理,5,0
,,
防护,5,1
,,
考试,5,0
,,
措施,6,0
,,
致敬,6,1
,,
死亡,6,-1
,,
响应,6,1
,,
医疗,6,1
,,
护士,6,1
,,
小区,6,0
,,
病人,6,-1
,,
中医药,6,1
,,
武汉市,6,-1
,,
乘客,6,0
,,
美国,7,0
,,
北京市,7,0
,,
传播,7,-1
,,
加油,8,1
,,
国家,8,0
,,
开学,8,0
,,
公主,8,0
,,
景区,8,0
,,
治疗,8,1
,,
医生,8,1
,,
直播,9,0
,,
检测,9,1
,,
钻石,9,0
,,
习近平,9,0
,,
物资,9,1
,,
意大利,10,0
,,
学生,10,0
,,
企业,10,0
,,
医务人员,10,1
,,
病毒,11,-1
,,
医护人员,11,1
,,
社区,11,0
,,
消毒,11,1
,,
民警,12,0
,,
方舱,12,0
,,
数据,12,0
,,
累计,13,-1
,,
医疗队,13,1
,,
野生动物,13,-1
,,
中国,14,0
,,
一线,14,-1
,,
全国,14,0
,,
血浆,15,0
,,
隔离,15,-1
,,
伊朗,15,0
,,
3月,16,0
,,
疫,16,-1
,,
人员,16,0
,,
治愈,18,1
,,
日本,18,0
,,
工作,21,0
,,
韩国,24,0
,,
人民日报,27,0
,,
口罩,27,1
,,
湖北,29,-1
,,
2月,30,0
,,
发布会,31,0
,,
医院,31,1
,,
防控,36,1
,,
出院,36,1
,,
肺炎,45,-1
,,
武汉,47,-1
,,
患者,51,-1
,,
确诊,55,-1
,,
新增,66,-1
,,
病例,88,-1
,,
疫情,100,-1
